# Blogspot to Jekyll redirects
# Generated by migrate_blogspot.py

/2010/04/spring-has-sprung.html /blog/2010/04/06/spring-has-sprung/ 301
/2010/05/inaugural-post-2010.html /blog/2010/05/29/inaugural-post-2010/ 301
/2010/05/prelude.html /blog/2010/05/19/prelude/ 301
/2010/05/tentative-2010-windleblo-cruising-plan_10.html /blog/2010/05/10/tentative-2010-windleblo-cruising-plan_10/ 301
/2010/06/at-sea.html /blog/2010/06/27/at-sea/ 301
/2010/06/blog-post.html /blog/2010/06/01/blog-post/ 301
/2010/06/blog-post_07.html /blog/2010/06/07/blog-post_07/ 301
/2010/06/blog-post_09.html /blog/2010/06/09/blog-post_09/ 301
/2010/06/blog-post_23.html /blog/2010/06/23/blog-post_23/ 301
/2010/06/blog-post_24.html /blog/2010/06/24/blog-post_24/ 301
/2010/06/blog-post_29.html /blog/2010/06/29/blog-post_29/ 301
/2010/06/blog-post_2954.html /blog/2010/06/20/blog-post_2954/ 301
/2010/06/blog-post_3723.html /blog/2010/06/12/blog-post_3723/ 301
/2010/06/blog-post_5132.html /blog/2010/06/14/blog-post_5132/ 301
/2010/06/denmark.html /blog/2010/06/07/denmark/ 301
/2010/06/girl-power.html /blog/2010/06/20/girl-power/ 301
/2010/06/lithuania-part-1.html /blog/2010/06/23/lithuania-part-1/ 301
/2010/06/martin-and-phil-departed-wednesday.html /blog/2010/06/19/martin-and-phil-departed-wednesday/ 301
/2010/06/occasionally-when-i-do-right-by-jocelyn.html /blog/2010/06/29/occasionally-when-i-do-right-by-jocelyn/ 301
/2010/06/our-overnight-sail-from-copenhagen.html /blog/2010/06/09/our-overnight-sail-from-copenhagen/ 301
/2010/06/success-weve-been-to-fredrikstad-and-we.html /blog/2010/06/01/success-weve-been-to-fredrikstad-and-we/ 301
/2010/06/tonight-is-our-last-night-in-lithuania.html /blog/2010/06/24/tonight-is-our-last-night-in-lithuania/ 301
/2010/06/we-are-fully-into-moving-boat-now.html /blog/2010/06/14/we-are-fully-into-moving-boat-now/ 301
/2010/06/while-in-hiddensee-we-happened-upon.html /blog/2010/06/12/while-in-hiddensee-we-happened-upon/ 301
/2010/07/blog-post.html /blog/2010/07/02/blog-post/ 301
/2010/07/blog-post_12.html /blog/2010/07/12/blog-post_12/ 301
/2010/07/blog-post_14.html /blog/2010/07/14/blog-post_14/ 301
/2010/07/blog-post_22.html /blog/2010/07/22/blog-post_22/ 301
/2010/07/blog-post_26.html /blog/2010/07/26/blog-post_26/ 301
/2010/07/local-knowledge.html /blog/2010/07/14/local-knowledge/ 301
/2010/07/ouch-charlie.html /blog/2010/07/30/ouch-charlie/ 301
/2010/07/our-passage-across-gulf-of-finland.html /blog/2010/07/02/our-passage-across-gulf-of-finland/ 301
/2010/07/russia-first-impressions.html /blog/2010/07/03/russia-first-impressions/ 301
/2010/07/there-are-more-than-300000-named.html /blog/2010/07/26/there-are-more-than-300000-named/ 301
/2010/07/turku.html /blog/2010/07/20/turku/ 301
/2010/07/we-were-so-busy-in-russia-i-had-no-time.html /blog/2010/07/11/we-were-so-busy-in-russia-i-had-no-time/ 301
/2010/08/blog-post.html /blog/2010/08/01/blog-post/ 301
/2010/08/blog-post_09.html /blog/2010/08/09/blog-post_09/ 301
/2010/08/blog-post_12.html /blog/2010/08/12/blog-post_12/ 301
/2010/08/blog-post_17.html /blog/2010/08/17/blog-post_17/ 301
/2010/08/blog-post_20.html /blog/2010/08/20/blog-post_20/ 301
/2010/08/blog-post_25.html /blog/2010/08/25/blog-post_25/ 301
/2010/08/blog-post_27.html /blog/2010/08/27/blog-post_27/ 301
/2010/08/capn-jack-asked-me-to-report-on-one-of.html /blog/2010/08/12/capn-jack-asked-me-to-report-on-one-of/ 301
/2010/08/its-august-1st-halfway-point-of-our.html /blog/2010/08/01/its-august-1st-halfway-point-of-our/ 301
/2010/08/leaving-stockholm-we-motored-through.html /blog/2010/08/20/leaving-stockholm-we-motored-through/ 301
/2010/08/second-mate-john-iv-here-writing-to.html /blog/2010/08/09/second-mate-john-iv-here-writing-to/ 301
/2010/08/several-locks-and-intervening-canal.html /blog/2010/08/25/several-locks-and-intervening-canal/ 301
/2010/08/we-spent-four-nights-in-wasahamnar.html /blog/2010/08/17/we-spent-four-nights-in-wasahamnar/ 301
/2010/08/weather-has-turned-now.html /blog/2010/08/27/weather-has-turned-now/ 301
/2010/09/blog-post.html /blog/2010/09/03/blog-post/ 301
/2010/09/blog-post_04.html /blog/2010/09/04/blog-post_04/ 301
/2010/09/blog-post_1662.html /blog/2010/09/08/blog-post_1662/ 301
/2010/09/first-lets-put-any-rumors-to-rest.html /blog/2010/09/03/first-lets-put-any-rumors-to-rest/ 301
/2010/09/romance-bulletin-update-you-will-be.html /blog/2010/09/04/romance-bulletin-update-you-will-be/ 301
/2010/09/were-back-in-nest.html /blog/2010/09/08/were-back-in-nest/ 301
/2010/10/blog-post_6717.html /blog/2010/10/01/blog-post_6717/ 301
/2010/10/weve-returned-home-to-colorado-but.html /blog/2010/10/01/weve-returned-home-to-colorado-but/ 301
/2011/01/windleblo-2011-cruising-plan.html /blog/2011/01/09/windleblo-2011-cruising-plan/ 301
/2011/02/windleblo-2011-cruising-plan-b.html /blog/2011/02/26/windleblo-2011-cruising-plan-b/ 301
/2011/06/arrival-in-tananger.html /blog/2011/06/30/arrival-in-tananger/ 301
/2011/06/blast-off.html /blog/2011/06/14/blast-off/ 301
/2011/06/call-for-questions.html /blog/2011/06/02/call-for-questions/ 301
/2011/06/from-kristiansand.html /blog/2011/06/25/from-kristiansand/ 301
/2011/06/let-me-start-with-reassurance.html /blog/2011/06/20/let-me-start-with-reassurance/ 301
/2011/06/living-aboard.html /blog/2011/06/27/living-aboard/ 301
/2011/06/on-move.html /blog/2011/06/23/on-move/ 301
/2011/06/return-to-fourth-of-july-cove.html /blog/2011/06/27/return-to-fourth-of-july-cove/ 301
/2011/06/spares-for-record.html /blog/2011/06/27/spares-for-record/ 301
/2011/07/ben-nevis.html /blog/2011/07/30/ben-nevis/ 301
/2011/07/bike-trip-to-stavanger.html /blog/2011/07/06/bike-trip-to-stavanger/ 301
/2011/07/caledonian-canal.html /blog/2011/07/28/caledonian-canal/ 301
/2011/07/guest-column-by-imogen.html /blog/2011/07/31/guest-column-by-imogen/ 301
/2011/07/highland-games.html /blog/2011/07/28/highland-games/ 301
/2011/07/loyal-followers.html /blog/2011/07/28/loyal-followers/ 301
/2011/07/nessie-sighting.html /blog/2011/07/28/nessie-sighting/ 301
/2011/07/north-sea-crossing-report.html /blog/2011/07/13/north-sea-crossing-report/ 301
/2011/07/on-moveagain.html /blog/2011/07/18/on-moveagain/ 301
/2011/07/passage-plan-final-draft.html /blog/2011/07/07/passage-plan-final-draft/ 301
/2011/07/passage-plan-first-draft.html /blog/2011/07/03/passage-plan-first-draft/ 301
/2011/07/scotland.html /blog/2011/07/10/scotland/ 301
/2011/07/shetland-images.html /blog/2011/07/13/shetland-images/ 301
/2011/08/approach-to-cork.html /blog/2011/08/27/approach-to-cork/ 301
/2011/08/inner-hebrides.html /blog/2011/08/13/inner-hebrides/ 301
/2011/08/ireland.html /blog/2011/08/25/ireland/ 301
/2011/08/live-aboard-life-sequel.html /blog/2011/08/20/live-aboard-life-sequel/ 301
/2011/08/more-for-record-safety-orientation.html /blog/2011/08/20/more-for-record-safety-orientation/ 301
/2011/08/more-for-record-welcome-briefing.html /blog/2011/08/20/more-for-record-welcome-briefing/ 301
/2011/08/outer-hebrides.html /blog/2011/08/10/outer-hebrides/ 301
/2011/08/respite.html /blog/2011/08/18/respite/ 301
/2011/08/single-malt.html /blog/2011/08/27/single-malt/ 301
/2011/08/skye.html /blog/2011/08/05/skye/ 301
/2011/08/small-isles.html /blog/2011/08/05/small-isles/ 301
/2011/09/bere-island.html /blog/2011/09/05/bere-island/ 301
/2011/09/floating-home.html /blog/2011/09/14/floating-home/ 301
/2011/09/followers-unite.html /blog/2011/09/10/followers-unite/ 301
/2011/09/for-record-winter-storage-and-spring_10.html /blog/2011/09/10/for-record-winter-storage-and-spring_10/ 301
/2011/09/kinsale.html /blog/2011/09/14/kinsale/ 301
/2011/09/spain.html /blog/2011/09/24/spain/ 301
/2011/09/west-cork.html /blog/2011/09/01/west-cork/ 301
/2011/10/postscript-2011.html /blog/2011/10/26/postscript-2011/ 301
/2012/03/2012-cruising-plan-revised.html /blog/2012/03/29/2012-cruising-plan-revised/ 301
/2012/04/biscay-crossing-passage-plan-first.html /blog/2012/04/29/biscay-crossing-passage-plan-first/ 301
/2012/05/heading-east.html /blog/2012/05/15/heading-east/ 301
/2012/05/return-to-ireland.html /blog/2012/05/25/return-to-ireland/ 301
/2012/06/how-did-we-get-here-second-part.html /blog/2012/06/27/how-did-we-get-here-second-part/ 301
/2012/06/how-did-we-get-here.html /blog/2012/06/23/how-did-we-get-here/ 301
/2012/06/ola.html /blog/2012/06/10/ola/ 301
/2012/07/cadiz.html /blog/2012/07/16/cadiz/ 301
/2012/07/culatra.html /blog/2012/07/12/culatra/ 301
/2012/07/gearing-down.html /blog/2012/07/10/gearing-down/ 301
/2012/07/gibraltar.html /blog/2012/07/19/gibraltar/ 301
/2012/07/morocco.html /blog/2012/07/29/morocco/ 301
/2012/08/balearic-arrival.html /blog/2012/08/23/balearic-arrival/ 301
/2012/08/costa-del-sol.html /blog/2012/08/13/costa-del-sol/ 301
/2012/09/balearas-continued.html /blog/2012/09/02/balearas-continued/ 301
/2012/09/for-record-spring-commissioning.html /blog/2012/09/22/for-record-spring-commissioning/ 301
/2012/09/images-of-mallorca.html /blog/2012/09/11/images-of-mallorca/ 301
/2012/09/menorca-continued.html /blog/2012/09/28/menorca-continued/ 301
/2012/09/menorca.html /blog/2012/09/17/menorca/ 301
/2013/03/sardinia.html /blog/2013/03/29/sardinia/ 301
/2013/04/sicily.html /blog/2013/04/17/sicily/ 301
/2013/05/2013-cruising-plan.html /blog/2013/05/09/2013-cruising-plan/ 301
/2013/05/back-to-cavtat.html /blog/2013/05/17/back-to-cavtat/ 301
/2013/05/backroads-wannabes.html /blog/2013/05/25/backroads-wannabes/ 301
/2013/05/dalmatian-coast-intro.html /blog/2013/05/09/dalmatian-coast-intro/ 301
/2013/05/hvar-town.html /blog/2013/05/29/hvar-town/ 301
/2013/05/korcula.html /blog/2013/05/22/korcula/ 301
/2013/05/malta.html /blog/2013/05/09/malta/ 301
/2013/05/polace.html /blog/2013/05/21/polace/ 301
/2013/05/racisce.html /blog/2013/05/24/racisce/ 301
/2013/05/return-to-malta_9.html /blog/2013/05/09/return-to-malta_9/ 301
/2013/05/sipan.html /blog/2013/05/10/sipan/ 301
/2013/05/slano.html /blog/2013/05/16/slano/ 301
/2013/06/goodbye-croatia-hello-montenegro.html /blog/2013/06/22/goodbye-croatia-hello-montenegro/ 301
/2013/06/kornati-islands.html /blog/2013/06/07/kornati-islands/ 301
/2013/06/krka.html /blog/2013/06/04/krka/ 301
/2013/06/lastovo.html /blog/2013/06/14/lastovo/ 301
/2013/06/observations.html /blog/2013/06/10/observations/ 301
/2013/06/split.html /blog/2013/06/01/split/ 301
/2013/06/vis_10.html /blog/2013/06/10/vis_10/ 301
/2013/08/2014-cruising-plan.html /blog/2013/08/26/2014-cruising-plan/ 301
/2013/09/from-old-world-to-new-arc-passage-plan.html /blog/2013/09/04/from-old-world-to-new-arc-passage-plan/ 301
/2013/09/return-to-brindisi.html /blog/2013/09/03/return-to-brindisi/ 301
/2013/09/sicily-revisited.html /blog/2013/09/29/sicily-revisited/ 301
/2013/09/strait-of-messina.html /blog/2013/09/16/strait-of-messina/ 301
/2013/09/stuck-in-brindisi.html /blog/2013/09/09/stuck-in-brindisi/ 301
/2013/10/leaving-med.html /blog/2013/10/20/leaving-med/ 301
/2013/10/photo-dscn0450jpg.html /blog/2013/10/13/photo-dscn0450jpg/ 301
/2013/10/two-crossings.html /blog/2013/10/10/two-crossings/ 301
/2013/11/anise.html /blog/2013/11/11/anise/ 301
/2013/11/madeira.html /blog/2013/11/07/madeira/ 301
/2013/11/the-final-countdown.html /blog/2013/11/21/the-final-countdown/ 301
/2014/01/arc-blog.html /blog/2014/01/04/arc-blog/ 301
/2014/01/arc-pics.html /blog/2014/01/05/arc-pics/ 301
/2014/01/south-to-grenadines.html /blog/2014/01/25/south-to-grenadines/ 301
/2014/01/updated-2014-cruising-plan.html /blog/2014/01/05/updated-2014-cruising-plan/ 301
/2014/02/sint-maarten.html /blog/2014/02/05/sint-maarten/ 301
/2014/02/the-bvis.html /blog/2014/02/19/the-bvis/ 301
/2014/03/the-bahamas.html /blog/2014/03/09/the-bahamas/ 301
/2014/04/gulf-stream-passage.html /blog/2014/04/02/gulf-stream-passage/ 301
/2015/06/usausausa.html /blog/2015/06/28/usausausa/ 301
/2015/07/2015-cruising-plan.html /blog/2015/07/06/2015-cruising-plan/ 301
